{
  "file": "/workspaces/gosquad/book1_manuscript.txt",
  "basic_metrics": {
    "total_words": 74872,
    "unique_words": 6885,
    "total_sentences": 7450,
    "total_paragraphs": 319,
    "total_chapters": 61,
    "avg_word_length": 4.506838337429213,
    "lexical_diversity": 0.09195693984400043,
    "avg_sentence_length": 9.907382550335571,
    "min_sentence_length": 1,
    "max_sentence_length": 88,
    "sentence_length_std": 8.319800058578876,
    "avg_paragraph_length": 234.70846394984326,
    "avg_sentences_per_paragraph": 30.952978056426332
  },
  "readability_scores": {
    "flesch_reading_ease": 73.25630497837562,
    "flesch_kincaid_grade": 5.538227431657862,
    "gunning_fog": 8.099468826977011,
    "automated_readability_index": 6.362587583032088,
    "coleman_liau": 9.677978950742599,
    "smog": 8.912720112005974
  },
  "word_frequency": {
    "top_20_all": [
      [
        "the",
        3726
      ],
      [
        "to",
        1409
      ],
      [
        "she",
        1270
      ],
      [
        "a",
        1232
      ],
      [
        "and",
        1200
      ],
      [
        "her",
        1191
      ],
      [
        "it",
        1014
      ],
      [
        "was",
        977
      ],
      [
        "in",
        877
      ],
      [
        "of",
        853
      ],
      [
        "s",
        838
      ],
      [
        "you",
        812
      ],
      [
        "that",
        757
      ],
      [
        "t",
        684
      ],
      [
        "i",
        682
      ],
      [
        "he",
        670
      ],
      [
        "on",
        554
      ],
      [
        "ahdia",
        548
      ],
      [
        "at",
        513
      ],
      [
        "ruth",
        503
      ]
    ],
    "top_20_content": [
      [
        "was",
        977
      ],
      [
        "ahdia",
        548
      ],
      [
        "ruth",
        503
      ],
      [
        "said",
        447
      ],
      [
        "squad",
        399
      ],
      [
        "like",
        384
      ],
      [
        "vaughn",
        319
      ],
      [
        "had",
        318
      ],
      [
        "them",
        263
      ],
      [
        "just",
        261
      ],
      [
        "firas",
        259
      ],
      [
        "were",
        253
      ],
      [
        "time",
        242
      ],
      [
        "him",
        241
      ],
      [
        "kain",
        224
      ],
      [
        "back",
        215
      ],
      [
        "looked",
        196
      ],
      [
        "through",
        192
      ],
      [
        "could",
        189
      ],
      [
        "into",
        187
      ]
    ],
    "unique_single_use": 100
  },
  "chapter_statistics": [
    {
      "chapter": 1,
      "word_count": 20,
      "sentence_count": 7,
      "paragraph_count": 2,
      "avg_sentence_length": 2.857142857142857,
      "unique_words": 15,
      "lexical_diversity": 0.75
    },
    {
      "chapter": 2,
      "word_count": 1,
      "sentence_count": 1,
      "paragraph_count": 1,
      "avg_sentence_length": 1.0,
      "unique_words": 1,
      "lexical_diversity": 1.0
    },
    {
      "chapter": 3,
      "word_count": 2391,
      "sentence_count": 202,
      "paragraph_count": 10,
      "avg_sentence_length": 11.836633663366337,
      "unique_words": 877,
      "lexical_diversity": 0.36679213718109577
    },
    {
      "chapter": 4,
      "word_count": 1,
      "sentence_count": 1,
      "paragraph_count": 1,
      "avg_sentence_length": 1.0,
      "unique_words": 1,
      "lexical_diversity": 1.0
    },
    {
      "chapter": 5,
      "word_count": 3330,
      "sentence_count": 247,
      "paragraph_count": 13,
      "avg_sentence_length": 13.481781376518219,
      "unique_words": 1039,
      "lexical_diversity": 0.312012012012012
    },
    {
      "chapter": 6,
      "word_count": 1,
      "sentence_count": 1,
      "paragraph_count": 1,
      "avg_sentence_length": 1.0,
      "unique_words": 1,
      "lexical_diversity": 1.0
    },
    {
      "chapter": 7,
      "word_count": 2817,
      "sentence_count": 262,
      "paragraph_count": 11,
      "avg_sentence_length": 10.751908396946565,
      "unique_words": 977,
      "lexical_diversity": 0.346822861199858
    },
    {
      "chapter": 8,
      "word_count": 1,
      "sentence_count": 1,
      "paragraph_count": 1,
      "avg_sentence_length": 1.0,
      "unique_words": 1,
      "lexical_diversity": 1.0
    },
    {
      "chapter": 9,
      "word_count": 2278,
      "sentence_count": 176,
      "paragraph_count": 9,
      "avg_sentence_length": 12.943181818181818,
      "unique_words": 768,
      "lexical_diversity": 0.33713784021071114
    },
    {
      "chapter": 10,
      "word_count": 1,
      "sentence_count": 1,
      "paragraph_count": 1,
      "avg_sentence_length": 1.0,
      "unique_words": 1,
      "lexical_diversity": 1.0
    },
    {
      "chapter": 11,
      "word_count": 2329,
      "sentence_count": 243,
      "paragraph_count": 9,
      "avg_sentence_length": 9.584362139917696,
      "unique_words": 788,
      "lexical_diversity": 0.3383426363246028
    },
    {
      "chapter": 12,
      "word_count": 1,
      "sentence_count": 1,
      "paragraph_count": 1,
      "avg_sentence_length": 1.0,
      "unique_words": 1,
      "lexical_diversity": 1.0
    },
    {
      "chapter": 13,
      "word_count": 1904,
      "sentence_count": 111,
      "paragraph_count": 7,
      "avg_sentence_length": 17.153153153153152,
      "unique_words": 670,
      "lexical_diversity": 0.35189075630252103
    },
    {
      "chapter": 14,
      "word_count": 1,
      "sentence_count": 1,
      "paragraph_count": 1,
      "avg_sentence_length": 1.0,
      "unique_words": 1,
      "lexical_diversity": 1.0
    },
    {
      "chapter": 15,
      "word_count": 1871,
      "sentence_count": 125,
      "paragraph_count": 8,
      "avg_sentence_length": 14.968,
      "unique_words": 714,
      "lexical_diversity": 0.38161411010155
    },
    {
      "chapter": 16,
      "word_count": 1,
      "sentence_count": 1,
      "paragraph_count": 1,
      "avg_sentence_length": 1.0,
      "unique_words": 1,
      "lexical_diversity": 1.0
    },
    {
      "chapter": 17,
      "word_count": 576,
      "sentence_count": 87,
      "paragraph_count": 4,
      "avg_sentence_length": 6.620689655172414,
      "unique_words": 285,
      "lexical_diversity": 0.4947916666666667
    },
    {
      "chapter": 18,
      "word_count": 1,
      "sentence_count": 1,
      "paragraph_count": 1,
      "avg_sentence_length": 1.0,
      "unique_words": 1,
      "lexical_diversity": 1.0
    },
    {
      "chapter": 19,
      "word_count": 2740,
      "sentence_count": 208,
      "paragraph_count": 10,
      "avg_sentence_length": 13.173076923076923,
      "unique_words": 964,
      "lexical_diversity": 0.3518248175182482
    },
    {
      "chapter": 20,
      "word_count": 1,
      "sentence_count": 1,
      "paragraph_count": 1,
      "avg_sentence_length": 1.0,
      "unique_words": 1,
      "lexical_diversity": 1.0
    },
    {
      "chapter": 21,
      "word_count": 1989,
      "sentence_count": 154,
      "paragraph_count": 8,
      "avg_sentence_length": 12.915584415584416,
      "unique_words": 641,
      "lexical_diversity": 0.322272498743087
    },
    {
      "chapter": 22,
      "word_count": 1,
      "sentence_count": 1,
      "paragraph_count": 1,
      "avg_sentence_length": 1.0,
      "unique_words": 1,
      "lexical_diversity": 1.0
    },
    {
      "chapter": 23,
      "word_count": 2014,
      "sentence_count": 131,
      "paragraph_count": 8,
      "avg_sentence_length": 15.374045801526718,
      "unique_words": 720,
      "lexical_diversity": 0.35749751737835156
    },
    {
      "chapter": 24,
      "word_count": 1,
      "sentence_count": 1,
      "paragraph_count": 1,
      "avg_sentence_length": 1.0,
      "unique_words": 1,